{
    "obstaclePositions": [
        {
            "x": 88,
            "y": 54
        },
        {
            "x": 89,
            "y": 54
        },
        {
            "x": 18,
            "y": 32
        },
        {
            "x": 19,
            "y": 32
        },
        {
            "x": 18,
            "y": 33
        },
        {
            "x": 19,
            "y": 33
        },
        {
            "x": 20,
            "y": 34
        },
        {
            "x": 20,
            "y": 35
        },
        {
            "x": 21,
            "y": 36
        },
        {
            "x": 21,
            "y": 37
        },
        {
            "x": 22,
            "y": 38
        },
        {
            "x": 23,
            "y": 38
        },
        {
            "x": 23,
            "y": 39
        },
        {
            "x": 24,
            "y": 40
        },
        {
            "x": 24,
            "y": 41
        },
        {
            "x": 25,
            "y": 41
        },
        {
            "x": 26,
            "y": 42
        },
        {
            "x": 27,
            "y": 42
        },
        {
            "x": 27,
            "y": 43
        },
        {
            "x": 28,
            "y": 43
        },
        {
            "x": 29,
            "y": 43
        },
        {
            "x": 30,
            "y": 43
        },
        {
            "x": 32,
            "y": 44
        },
        {
            "x": 34,
            "y": 44
        },
        {
            "x": 35,
            "y": 44
        },
        {
            "x": 36,
            "y": 44
        },
        {
            "x": 37,
            "y": 44
        },
        {
            "x": 38,
            "y": 44
        },
        {
            "x": 39,
            "y": 44
        },
        {
            "x": 39,
            "y": 43
        },
        {
            "x": 40,
            "y": 43
        },
        {
            "x": 41,
            "y": 43
        },
        {
            "x": 42,
            "y": 43
        },
        {
            "x": 43,
            "y": 43
        },
        {
            "x": 44,
            "y": 43
        },
        {
            "x": 45,
            "y": 43
        },
        {
            "x": 46,
            "y": 42
        },
        {
            "x": 48,
            "y": 42
        },
        {
            "x": 49,
            "y": 42
        },
        {
            "x": 50,
            "y": 42
        },
        {
            "x": 50,
            "y": 41
        },
        {
            "x": 51,
            "y": 41
        },
        {
            "x": 52,
            "y": 40
        },
        {
            "x": 53,
            "y": 39
        },
        {
            "x": 54,
            "y": 38
        },
        {
            "x": 55,
            "y": 37
        },
        {
            "x": 56,
            "y": 36
        },
        {
            "x": 56,
            "y": 35
        },
        {
            "x": 57,
            "y": 34
        },
        {
            "x": 56,
            "y": 33
        },
        {
            "x": 57,
            "y": 32
        },
        {
            "x": 57,
            "y": 31
        },
        {
            "x": 57,
            "y": 29
        },
        {
            "x": 57,
            "y": 28
        },
        {
            "x": 57,
            "y": 27
        },
        {
            "x": 57,
            "y": 26
        },
        {
            "x": 57,
            "y": 25
        },
        {
            "x": 56,
            "y": 24
        },
        {
            "x": 56,
            "y": 23
        },
        {
            "x": 55,
            "y": 22
        },
        {
            "x": 54,
            "y": 21
        },
        {
            "x": 54,
            "y": 20
        },
        {
            "x": 53,
            "y": 20
        },
        {
            "x": 52,
            "y": 19
        },
        {
            "x": 51,
            "y": 18
        },
        {
            "x": 50,
            "y": 18
        },
        {
            "x": 48,
            "y": 17
        },
        {
            "x": 47,
            "y": 16
        },
        {
            "x": 46,
            "y": 16
        },
        {
            "x": 45,
            "y": 16
        },
        {
            "x": 44,
            "y": 15
        },
        {
            "x": 42,
            "y": 14
        },
        {
            "x": 41,
            "y": 14
        },
        {
            "x": 40,
            "y": 14
        },
        {
            "x": 39,
            "y": 14
        },
        {
            "x": 38,
            "y": 14
        },
        {
            "x": 37,
            "y": 14
        },
        {
            "x": 36,
            "y": 14
        },
        {
            "x": 35,
            "y": 14
        },
        {
            "x": 34,
            "y": 13
        },
        {
            "x": 34,
            "y": 14
        },
        {
            "x": 33,
            "y": 13
        },
        {
            "x": 35,
            "y": 13
        },
        {
            "x": 36,
            "y": 13
        },
        {
            "x": 37,
            "y": 13
        },
        {
            "x": 38,
            "y": 13
        },
        {
            "x": 39,
            "y": 13
        },
        {
            "x": 43,
            "y": 14
        },
        {
            "x": 44,
            "y": 14
        },
        {
            "x": 45,
            "y": 14
        },
        {
            "x": 45,
            "y": 15
        },
        {
            "x": 46,
            "y": 15
        },
        {
            "x": 47,
            "y": 15
        },
        {
            "x": 48,
            "y": 16
        },
        {
            "x": 49,
            "y": 16
        },
        {
            "x": 50,
            "y": 17
        },
        {
            "x": 52,
            "y": 18
        },
        {
            "x": 53,
            "y": 21
        },
        {
            "x": 53,
            "y": 22
        },
        {
            "x": 54,
            "y": 22
        },
        {
            "x": 54,
            "y": 23
        },
        {
            "x": 54,
            "y": 24
        },
        {
            "x": 55,
            "y": 24
        },
        {
            "x": 54,
            "y": 25
        },
        {
            "x": 55,
            "y": 25
        },
        {
            "x": 55,
            "y": 26
        },
        {
            "x": 55,
            "y": 27
        },
        {
            "x": 56,
            "y": 28
        },
        {
            "x": 55,
            "y": 29
        },
        {
            "x": 56,
            "y": 29
        },
        {
            "x": 56,
            "y": 30
        },
        {
            "x": 56,
            "y": 31
        },
        {
            "x": 56,
            "y": 32
        },
        {
            "x": 55,
            "y": 35
        },
        {
            "x": 55,
            "y": 36
        },
        {
            "x": 54,
            "y": 37
        },
        {
            "x": 53,
            "y": 38
        },
        {
            "x": 52,
            "y": 39
        },
        {
            "x": 51,
            "y": 40
        },
        {
            "x": 49,
            "y": 41
        },
        {
            "x": 47,
            "y": 42
        },
        {
            "x": 40,
            "y": 44
        },
        {
            "x": 33,
            "y": 44
        },
        {
            "x": 31,
            "y": 44
        },
        {
            "x": 30,
            "y": 44
        },
        {
            "x": 29,
            "y": 44
        },
        {
            "x": 28,
            "y": 44
        },
        {
            "x": 26,
            "y": 43
        },
        {
            "x": 25,
            "y": 43
        },
        {
            "x": 24,
            "y": 43
        },
        {
            "x": 24,
            "y": 42
        },
        {
            "x": 23,
            "y": 41
        },
        {
            "x": 23,
            "y": 40
        },
        {
            "x": 22,
            "y": 39
        },
        {
            "x": 19,
            "y": 34
        },
        {
            "x": 22,
            "y": 36
        },
        {
            "x": 23,
            "y": 36
        },
        {
            "x": 23,
            "y": 37
        },
        {
            "x": 24,
            "y": 37
        },
        {
            "x": 24,
            "y": 38
        },
        {
            "x": 25,
            "y": 38
        },
        {
            "x": 25,
            "y": 39
        },
        {
            "x": 26,
            "y": 39
        },
        {
            "x": 26,
            "y": 40
        },
        {
            "x": 25,
            "y": 40
        },
        {
            "x": 22,
            "y": 37
        },
        {
            "x": 20,
            "y": 36
        },
        {
            "x": 19,
            "y": 35
        },
        {
            "x": 21,
            "y": 35
        },
        {
            "x": 22,
            "y": 35
        },
        {
            "x": 24,
            "y": 39
        },
        {
            "x": 26,
            "y": 41
        },
        {
            "x": 27,
            "y": 41
        },
        {
            "x": 28,
            "y": 42
        },
        {
            "x": 29,
            "y": 42
        },
        {
            "x": 30,
            "y": 42
        },
        {
            "x": 31,
            "y": 42
        },
        {
            "x": 31,
            "y": 43
        },
        {
            "x": 32,
            "y": 43
        },
        {
            "x": 33,
            "y": 43
        },
        {
            "x": 41,
            "y": 44
        },
        {
            "x": 42,
            "y": 44
        },
        {
            "x": 43,
            "y": 44
        },
        {
            "x": 32,
            "y": 45
        },
        {
            "x": 33,
            "y": 45
        },
        {
            "x": 34,
            "y": 45
        },
        {
            "x": 35,
            "y": 46
        },
        {
            "x": 35,
            "y": 45
        },
        {
            "x": 36,
            "y": 46
        },
        {
            "x": 36,
            "y": 45
        },
        {
            "x": 37,
            "y": 45
        },
        {
            "x": 38,
            "y": 45
        },
        {
            "x": 39,
            "y": 46
        },
        {
            "x": 39,
            "y": 45
        },
        {
            "x": 40,
            "y": 46
        },
        {
            "x": 40,
            "y": 45
        },
        {
            "x": 41,
            "y": 45
        },
        {
            "x": 38,
            "y": 46
        },
        {
            "x": 34,
            "y": 46
        },
        {
            "x": 33,
            "y": 46
        },
        {
            "x": 41,
            "y": 46
        },
        {
            "x": 42,
            "y": 46
        },
        {
            "x": 43,
            "y": 46
        },
        {
            "x": 44,
            "y": 46
        },
        {
            "x": 46,
            "y": 46
        },
        {
            "x": 47,
            "y": 45
        },
        {
            "x": 48,
            "y": 45
        },
        {
            "x": 49,
            "y": 45
        },
        {
            "x": 50,
            "y": 45
        },
        {
            "x": 51,
            "y": 44
        },
        {
            "x": 50,
            "y": 44
        },
        {
            "x": 46,
            "y": 45
        },
        {
            "x": 45,
            "y": 45
        },
        {
            "x": 44,
            "y": 45
        },
        {
            "x": 43,
            "y": 45
        },
        {
            "x": 46,
            "y": 44
        },
        {
            "x": 47,
            "y": 44
        },
        {
            "x": 48,
            "y": 44
        },
        {
            "x": 49,
            "y": 44
        },
        {
            "x": 50,
            "y": 43
        },
        {
            "x": 51,
            "y": 43
        },
        {
            "x": 52,
            "y": 42
        },
        {
            "x": 51,
            "y": 42
        },
        {
            "x": 49,
            "y": 43
        },
        {
            "x": 48,
            "y": 43
        },
        {
            "x": 47,
            "y": 43
        },
        {
            "x": 46,
            "y": 43
        },
        {
            "x": 44,
            "y": 44
        },
        {
            "x": 45,
            "y": 44
        },
        {
            "x": 45,
            "y": 46
        },
        {
            "x": 53,
            "y": 42
        },
        {
            "x": 53,
            "y": 41
        },
        {
            "x": 54,
            "y": 40
        },
        {
            "x": 55,
            "y": 40
        },
        {
            "x": 54,
            "y": 39
        },
        {
            "x": 55,
            "y": 39
        },
        {
            "x": 56,
            "y": 38
        },
        {
            "x": 57,
            "y": 38
        },
        {
            "x": 57,
            "y": 37
        },
        {
            "x": 58,
            "y": 36
        },
        {
            "x": 58,
            "y": 35
        },
        {
            "x": 58,
            "y": 34
        },
        {
            "x": 57,
            "y": 35
        },
        {
            "x": 55,
            "y": 38
        },
        {
            "x": 56,
            "y": 40
        },
        {
            "x": 56,
            "y": 39
        },
        {
            "x": 57,
            "y": 36
        },
        {
            "x": 58,
            "y": 33
        },
        {
            "x": 59,
            "y": 32
        },
        {
            "x": 59,
            "y": 31
        },
        {
            "x": 58,
            "y": 31
        },
        {
            "x": 58,
            "y": 30
        },
        {
            "x": 56,
            "y": 27
        },
        {
            "x": 56,
            "y": 26
        },
        {
            "x": 56,
            "y": 25
        },
        {
            "x": 55,
            "y": 23
        },
        {
            "x": 57,
            "y": 30
        },
        {
            "x": 58,
            "y": 32
        },
        {
            "x": 57,
            "y": 33
        },
        {
            "x": 59,
            "y": 30
        },
        {
            "x": 58,
            "y": 29
        },
        {
            "x": 58,
            "y": 28
        },
        {
            "x": 58,
            "y": 27
        },
        {
            "x": 56,
            "y": 22
        },
        {
            "x": 53,
            "y": 19
        },
        {
            "x": 49,
            "y": 17
        },
        {
            "x": 52,
            "y": 21
        },
        {
            "x": 52,
            "y": 20
        },
        {
            "x": 51,
            "y": 20
        },
        {
            "x": 49,
            "y": 19
        },
        {
            "x": 49,
            "y": 18
        },
        {
            "x": 48,
            "y": 18
        },
        {
            "x": 47,
            "y": 17
        },
        {
            "x": 50,
            "y": 19
        },
        {
            "x": 51,
            "y": 19
        },
        {
            "x": 46,
            "y": 17
        },
        {
            "x": 43,
            "y": 15
        },
        {
            "x": 42,
            "y": 15
        },
        {
            "x": 41,
            "y": 15
        },
        {
            "x": 40,
            "y": 15
        },
        {
            "x": 43,
            "y": 13
        },
        {
            "x": 40,
            "y": 13
        },
        {
            "x": 41,
            "y": 13
        },
        {
            "x": 42,
            "y": 13
        },
        {
            "x": 39,
            "y": 12
        },
        {
            "x": 38,
            "y": 12
        },
        {
            "x": 37,
            "y": 12
        },
        {
            "x": 36,
            "y": 12
        },
        {
            "x": 35,
            "y": 12
        },
        {
            "x": 34,
            "y": 12
        },
        {
            "x": 19,
            "y": 36
        },
        {
            "x": 18,
            "y": 31
        },
        {
            "x": 19,
            "y": 30
        },
        {
            "x": 19,
            "y": 31
        },
        {
            "x": 20,
            "y": 32
        },
        {
            "x": 20,
            "y": 33
        },
        {
            "x": 21,
            "y": 38
        },
        {
            "x": 20,
            "y": 37
        },
        {
            "x": 19,
            "y": 37
        },
        {
            "x": 21,
            "y": 34
        },
        {
            "x": 21,
            "y": 32
        }
    ],
    "carPosition": {
        "x": -27.0,
        "y": 0.5,
        "z": -25.520000457763673
    },
    "carRotation": {
        "x": 0.0,
        "y": 0.3826834261417389,
        "z": 0.0,
        "w": 0.9238795638084412
    },
    "targetPosition": {
        "x": 21.719999313354493,
        "y": 0.009999999776482582,
        "z": 18.760000228881837
    }
}